{"cameraMode":{"drawMode":0,"name":"Shaded","section":"Shading Mode"},"sceneLighting":false,"audioPlay":false,"sceneViewState":{"m_AlwaysRefresh":false,"showFog":true,"showSkybox":false,"showFlares":true,"showImageEffects":true,"showParticleSystems":true,"showVisualEffectGraphs":true,"m_FxEnabled":true},"in2DMode":false,"pivot":{"x":-0.0000019073486328125,"y":1.5500001907348633,"z":-0.006503105163574219},"rotation":{"x":-0.4509395658969879,"y":0.5440942049026489,"z":-0.44796910881996157,"w":-0.5476930737495422},"size":8.369155883789063,"orthographic":false}